cluster,count,percentage
0,4263,99.16259595254711
1,36,0.8374040474528961
