cluster,count,percentage
0,1522,50.73333333333333
1,1478,49.266666666666666
